Cycle start time,Cycle end time,Cycle timezone,Workout start time,Workout end time,Duration (min),Activity name,Activity Strain,Energy burned (cal),Max HR (bpm),Average HR (bpm),HR Zone 1 %,HR Zone 2 %,HR Zone 3 %,HR Zone 4 %,HR Zone 5 %,GPS enabled,Distance (meters),Altitude gain (meters),Altitude change (meters)
2025-04-06 21:43:12,2025-04-07 22:56:24,UTC-05:00,2025-04-07 16:36:00,2025-04-07 17:46:12,70,Strength Trainer,10.2,483.0,165,123,63,22,7,0,0,false,,,
2025-04-06 02:32:49,2025-04-06 21:43:12,UTC-05:00,2025-04-06 13:06:00,2025-04-06 13:37:29,31,Walking,8.4,292.0,162,135,44,50,6,0,0,false,,,
2025-04-05 03:20:42,2025-04-06 02:32:49,UTC-05:00,2025-04-05 12:24:00,2025-04-05 13:27:48,63,Strength Trainer,7.9,336.0,162,115,76,7,0,0,0,false,,,
2025-04-03 23:39:30,2025-04-05 03:20:42,UTC-05:00,2025-04-04 11:04:30,2025-04-04 12:17:21,72,Strength Trainer,9.4,430.0,163,118,58,17,2,0,0,false,,,
2025-04-02 23:54:38,2025-04-03 23:39:30,UTC-05:00,2025-04-03 21:05:30,2025-04-03 21:31:29,25,Walking,5.2,112.0,136,111,66,0,0,0,0,false,,,
2025-04-02 23:54:38,2025-04-03 23:39:30,UTC-05:00,2025-04-03 16:28:30,2025-04-03 17:45:29,76,Walking,9.8,453.0,161,119,52,21,3,0,0,false,,,
2025-04-02 23:54:38,2025-04-03 23:39:30,UTC-05:00,2025-04-03 14:51:00,2025-04-03 15:13:29,22,Walking,5.0,92.0,142,110,61,1,0,0,0,false,,,
2025-04-01 22:14:10,2025-04-02 23:54:38,UTC-05:00,2025-04-02 20:58:30,2025-04-02 21:24:29,25,Walking,6.0,155.0,163,119,70,13,4,0,0,false,,,
2025-04-01 22:14:10,2025-04-02 23:54:38,UTC-05:00,2025-04-02 13:03:00,2025-04-02 14:13:43,70,Strength Trainer,9.3,430.0,164,120,70,13,4,0,0,false,,,
2025-03-31 21:21:23,2025-04-01 22:14:10,UTC-05:00,2025-04-01 18:15:00,2025-04-01 19:19:01,64,Strength Trainer,8.8,404.0,157,121,75,15,0,0,0,false,,,
2025-03-30 22:36:27,2025-03-31 21:21:23,UTC-05:00,2025-03-31 15:30:00,2025-03-31 16:37:47,67,Strength Trainer,9.3,428.0,171,121,68,16,4,0,0,false,,,
2025-03-29 03:37:26,2025-03-30 00:27:47,UTC-05:00,2025-03-29 12:21:00,2025-03-29 13:11:41,50,Strength Trainer,7.2,262.0,154,115,63,9,0,0,0,false,,,
2025-03-27 23:05:28,2025-03-29 03:37:26,UTC-05:00,2025-03-28 20:00:30,2025-03-28 20:35:46,35,Walking,6.9,239.0,149,124,99,1,0,0,0,false,,,
2025-03-27 23:05:28,2025-03-29 03:37:26,UTC-05:00,2025-03-28 15:43:30,2025-03-28 16:45:06,61,Strength Trainer,9.2,414.0,169,124,79,12,4,0,0,false,,,
2025-03-26 23:02:31,2025-03-27 23:05:28,UTC-05:00,2025-03-27 21:09:00,2025-03-27 21:33:32,24,Walking,5.8,135.0,160,118,65,16,1,0,0,false,,,
2025-03-25 22:43:16,2025-03-26 23:02:31,UTC-05:00,2025-03-26 14:45:00,2025-03-26 15:54:49,69,Strength Trainer,9.7,460.0,168,123,66,22,3,0,0,false,,,
2025-03-24 22:02:20,2025-03-25 22:43:16,UTC-05:00,2025-03-25 18:13:00,2025-03-25 19:13:23,60,Strength Trainer,10.6,463.0,189,128,41,33,10,0,0,false,,,
2025-03-24 22:02:20,2025-03-25 22:43:16,UTC-05:00,2025-03-25 10:49:30,2025-03-25 11:05:59,16,Walking,5.0,86.0,151,116,76,8,0,0,0,false,,,
2025-03-23 22:28:41,2025-03-24 22:02:20,UTC-05:00,2025-03-24 17:10:00,2025-03-24 17:21:00,11,Walking,4.5,49.0,136,112,76,0,0,0,0,false,,,
2025-03-23 22:28:41,2025-03-24 22:02:20,UTC-05:00,2025-03-24 16:08:30,2025-03-24 17:08:29,59,Strength Trainer,10.9,508.0,166,132,50,33,14,0,0,false,,,
2025-03-20 23:56:26,2025-03-22 04:00:28,UTC-05:00,2025-03-21 22:43:30,2025-03-22 00:38:59,115,Walking,12.3,792.0,159,125,69,24,2,0,0,false,,,
2025-03-20 23:56:26,2025-03-22 04:00:28,UTC-05:00,2025-03-21 21:57:00,2025-03-21 22:23:59,26,Walking,7.0,200.0,178,128,61,24,9,2,0,false,,,
2025-03-20 23:56:26,2025-03-22 04:00:28,UTC-05:00,2025-03-21 12:04:30,2025-03-21 13:05:13,60,Strength Trainer,8.6,383.0,159,122,76,18,1,0,0,false,,,
2025-03-19 22:20:39,2025-03-20 23:56:26,UTC-05:00,2025-03-20 18:05:00,2025-03-20 18:35:00,30,Walking,7.9,266.0,155,133,45,55,0,0,0,false,,,
2025-03-19 22:20:39,2025-03-20 23:56:26,UTC-05:00,2025-03-20 17:06:00,2025-03-20 18:02:16,56,Strength Trainer,12.2,562.0,169,139,31,40,28,1,0,false,,,
2025-03-19 02:34:17,2025-03-19 22:20:39,UTC-05:00,2025-03-19 16:31:30,2025-03-19 17:36:04,64,Strength Trainer,10.2,480.0,175,125,64,24,5,0,0,false,,,
2025-03-17 22:22:04,2025-03-19 02:34:17,UTC-05:00,2025-03-18 20:24:00,2025-03-18 20:52:29,28,Walking,6.4,176.0,163,119,69,15,5,0,0,false,,,
2025-03-17 22:22:04,2025-03-19 02:34:17,UTC-05:00,2025-03-18 19:21:00,2025-03-18 19:35:59,14,Walking,4.9,84.0,141,116,92,1,0,0,0,false,,,
2025-03-16 21:24:28,2025-03-17 22:22:04,UTC-05:00,2025-03-17 12:00:00,2025-03-17 13:14:37,74,Strength Trainer,10.6,513.0,172,125,64,15,8,1,0,false,,,
2025-03-14 01:40:49,2025-03-14 22:41:48,UTC-05:00,2025-03-14 20:40:30,2025-03-14 20:55:29,14,Walking,5.0,90.0,131,118,97,0,0,0,0,false,,,
2025-03-14 01:40:49,2025-03-14 22:41:48,UTC-05:00,2025-03-14 17:31:30,2025-03-14 19:18:42,107,Pickleball,11.3,646.0,160,115,51,20,2,0,0,false,,,
2025-03-14 01:40:49,2025-03-14 22:41:48,UTC-05:00,2025-03-14 13:03:00,2025-03-14 14:14:00,71,Strength Trainer,10.5,520.0,161,124,70,23,3,0,0,false,,,
2025-03-12 23:55:05,2025-03-14 01:40:49,UTC-05:00,2025-03-13 15:36:00,2025-03-13 16:37:19,61,Strength Trainer,8.8,392.0,167,120,74,16,1,0,0,false,,,
2025-03-12 00:47:11,2025-03-12 23:55:05,UTC-05:00,2025-03-12 14:33:00,2025-03-12 15:34:29,61,Strength Trainer,11.5,526.0,170,131,48,30,15,2,0,false,,,
2025-03-11 00:09:18,2025-03-12 00:47:11,UTC-05:00,2025-03-11 21:21:00,2025-03-11 21:45:39,24,Walking,5.2,114.0,143,111,84,1,0,0,0,false,,,
2025-03-11 00:09:18,2025-03-12 00:47:11,UTC-05:00,2025-03-11 17:06:00,2025-03-11 17:31:38,25,Walking,5.7,147.0,145,117,89,4,0,0,0,false,,,
2025-03-09 22:05:49,2025-03-11 00:09:18,UTC-05:00,2025-03-10 16:00:00,2025-03-10 17:06:19,66,Strength Trainer,11.1,541.0,174,129,59,31,7,1,0,false,,,
2025-03-08 01:38:46,2025-03-09 03:20:12,UTC-06:00,2025-03-08 20:27:00,2025-03-08 20:46:29,19,Walking,5.0,81.0,160,107,40,10,2,0,0,false,,,
2025-03-07 01:06:10,2025-03-08 01:38:46,UTC-06:00,2025-03-08 00:06:00,2025-03-08 00:42:01,36,Activity,7.4,262.0,158,124,71,25,2,0,0,false,,,
2025-03-07 01:06:10,2025-03-08 01:38:46,UTC-06:00,2025-03-07 19:06:00,2025-03-07 19:37:29,31,Walking,5.6,138.0,141,110,74,1,0,0,0,false,,,
2025-03-07 01:06:10,2025-03-08 01:38:46,UTC-06:00,2025-03-07 13:10:30,2025-03-07 13:16:57,6,Walking,5.6,75.0,167,146,1,59,39,1,0,false,,,
2025-03-07 01:06:10,2025-03-08 01:38:46,UTC-06:00,2025-03-07 11:48:00,2025-03-07 12:58:29,70,Strength Trainer,8.8,421.0,152,118,80,10,0,0,0,false,,,
2025-03-05 22:40:06,2025-03-07 01:06:10,UTC-06:00,2025-03-06 19:10:30,2025-03-06 19:26:59,16,Walking,5.1,94.0,149,116,81,9,0,0,0,false,,,
2025-03-05 22:40:06,2025-03-07 01:06:10,UTC-06:00,2025-03-06 10:58:30,2025-03-06 11:55:29,56,Strength Trainer,8.0,328.0,155,117,68,13,1,0,0,false,,,
2025-03-04 22:57:25,2025-03-05 22:40:06,UTC-06:00,2025-03-05 20:33:00,2025-03-05 21:01:26,28,Activity,5.8,158.0,146,115,84,5,0,0,0,false,,,
2025-03-03 21:59:52,2025-03-04 22:57:25,UTC-06:00,2025-03-04 20:57:00,2025-03-04 21:28:29,31,Walking,7.4,235.0,167,125,58,29,8,0,0,false,,,
2025-03-03 21:59:52,2025-03-04 22:57:25,UTC-06:00,2025-03-04 17:06:00,2025-03-04 17:34:29,28,Walking,6.2,183.0,154,120,87,9,0,0,0,false,,,
2025-03-02 19:59:15,2025-03-03 21:59:52,UTC-06:00,2025-03-03 06:47:30,2025-03-03 07:40:22,52,Strength Trainer,6.7,244.0,154,111,82,1,0,0,0,false,,,
2025-03-01 03:34:23,2025-03-02 02:01:16,UTC-06:00,2025-03-01 23:09:00,2025-03-01 23:23:59,14,Walking,4.8,72.0,146,112,75,1,0,0,0,false,,,
2025-03-01 03:34:23,2025-03-02 02:01:16,UTC-06:00,2025-03-01 22:27:00,2025-03-01 22:52:29,25,Walking,5.8,156.0,144,119,94,3,0,0,0,false,,,
2025-03-01 03:34:23,2025-03-02 02:01:16,UTC-06:00,2025-03-01 20:54:00,2025-03-01 21:23:59,29,Walking,8.0,266.0,160,133,44,50,6,0,0,false,,,
2025-02-27 22:02:58,2025-03-01 03:34:23,UTC-06:00,2025-02-28 21:51:00,2025-02-28 22:08:59,17,Walking,4.9,79.0,143,110,72,4,0,0,0,false,,,
2025-02-27 22:02:58,2025-03-01 03:34:23,UTC-06:00,2025-02-28 13:51:00,2025-02-28 14:36:00,45,Strength Trainer,6.2,196.0,150,109,67,5,0,0,0,false,,,
2025-02-26 22:35:00,2025-02-27 22:02:58,UTC-06:00,2025-02-27 16:02:00,2025-02-27 17:02:00,60,Strength Trainer,8.3,312.0,170,113,56,8,6,0,0,false,,,
2025-02-25 23:33:44,2025-02-26 22:35:00,UTC-06:00,2025-02-26 15:52:30,2025-02-26 16:55:00,62,Strength Trainer,11.1,536.0,164,131,53,37,10,0,0,false,,,
2025-02-24 22:14:39,2025-02-25 23:33:44,UTC-06:00,2025-02-25 21:10:30,2025-02-25 21:40:29,29,Walking,5.4,132.0,143,109,76,1,0,0,0,false,,,
2025-02-24 22:14:39,2025-02-25 23:33:44,UTC-06:00,2025-02-25 17:03:00,2025-02-25 17:43:48,40,Walking,5.5,138.0,137,104,57,0,0,0,0,false,,,
2025-02-24 00:04:34,2025-02-24 22:14:39,UTC-06:00,2025-02-24 15:52:30,2025-02-24 16:52:58,60,Strength Trainer,10.8,488.0,174,128,54,29,13,0,0,false,,,
2025-02-23 02:45:33,2025-02-24 00:04:34,UTC-06:00,2025-02-23 17:36:00,2025-02-23 18:21:38,45,Walking,5.6,154.0,143,103,36,0,0,0,0,false,,,
2025-02-23 02:45:33,2025-02-24 00:04:34,UTC-06:00,2025-02-23 16:45:00,2025-02-23 17:22:29,37,Walking,6.5,195.0,167,113,57,10,1,0,0,false,,,
2025-02-22 00:19:57,2025-02-23 02:45:33,UTC-06:00,2025-02-22 10:22:30,2025-02-22 11:13:29,50,Walking,8.2,335.0,149,120,81,8,0,0,0,false,,,
2025-02-20 23:14:18,2025-02-22 00:19:57,UTC-06:00,2025-02-21 14:25:00,2025-02-21 15:00:00,35,Walking,5.7,161.0,142,110,79,0,0,0,0,false,,,
2025-02-20 23:14:18,2025-02-22 00:19:57,UTC-06:00,2025-02-21 13:26:00,2025-02-21 14:24:00,58,Strength Trainer,6.0,195.0,157,103,39,1,0,0,0,false,,,
2025-02-20 23:14:18,2025-02-22 00:19:57,UTC-06:00,2025-02-21 13:12:00,2025-02-21 13:25:29,13,Walking,5.4,97.0,164,122,69,14,7,0,0,false,,,
2025-02-19 20:40:36,2025-02-20 23:14:18,UTC-06:00,2025-02-20 18:05:00,2025-02-20 18:30:00,25,Walking,5.2,110.0,132,110,78,0,0,0,0,false,,,
2025-02-19 20:40:36,2025-02-20 23:14:18,UTC-06:00,2025-02-20 17:01:00,2025-02-20 18:02:09,61,Strength Trainer,8.5,352.0,163,116,68,7,4,0,0,false,,,
2025-02-19 00:37:01,2025-02-19 20:40:36,UTC-06:00,2025-02-19 06:42:00,2025-02-19 07:38:59,56,Strength Trainer,9.3,413.0,162,124,72,19,3,0,0,false,,,
2025-02-17 20:52:03,2025-02-19 00:37:01,UTC-06:00,2025-02-18 21:04:30,2025-02-18 21:26:59,22,Walking,8.0,216.0,177,136,45,17,36,1,0,false,,,
2025-02-17 20:52:03,2025-02-19 00:37:01,UTC-06:00,2025-02-18 12:24:00,2025-02-18 13:33:12,69,Strength Trainer,9.8,447.0,179,120,66,15,2,2,0,false,,,
2025-02-16 04:51:00,2025-02-17 01:01:35,UTC-08:00,2025-02-16 20:48:00,2025-02-16 21:07:29,19,Walking,4.9,74.0,142,107,53,1,0,0,0,false,,,
2025-02-16 04:51:00,2025-02-17 01:01:35,UTC-08:00,2025-02-16 19:25:30,2025-02-16 20:08:34,43,Walking,8.5,328.0,161,126,65,26,3,0,0,false,,,
2025-02-16 04:51:00,2025-02-17 01:01:35,UTC-08:00,2025-02-16 17:28:30,2025-02-16 17:52:29,23,Walking,5.7,140.0,153,117,74,6,0,0,0,false,,,
2025-02-15 03:56:33,2025-02-16 04:51:00,UTC-08:00,2025-02-16 04:22:30,2025-02-16 04:47:59,25,Walking,5.4,127.0,142,112,75,1,0,0,0,false,,,
2025-02-15 03:56:33,2025-02-16 04:51:00,UTC-08:00,2025-02-16 02:28:30,2025-02-16 04:01:29,92,Walking,11.1,633.0,161,121,75,15,1,0,0,false,,,
2025-02-15 03:56:33,2025-02-16 04:51:00,UTC-08:00,2025-02-16 00:25:30,2025-02-16 01:10:29,44,Walking,7.3,289.0,154,119,98,2,0,0,0,false,,,
2025-02-15 03:56:33,2025-02-16 04:51:00,UTC-08:00,2025-02-15 18:25:30,2025-02-15 18:58:29,32,Walking,8.4,219.0,185,120,31,9,6,13,0,false,,,
2025-02-15 03:56:33,2025-02-16 04:51:00,UTC-08:00,2025-02-15 13:36:00,2025-02-15 13:56:59,20,Walking,4.9,82.0,141,107,54,0,0,0,0,false,,,
2025-02-15 03:56:33,2025-02-16 04:51:00,UTC-08:00,2025-02-15 12:04:30,2025-02-15 12:19:29,14,Walking,4.5,51.0,132,104,38,0,0,0,0,false,,,
2025-02-13 20:29:05,2025-02-15 05:56:33,UTC-06:00,2025-02-15 05:16:30,2025-02-15 05:32:22,15,Activity,6.8,156.0,176,137,50,25,19,6,0,false,,,
2025-02-13 20:29:05,2025-02-15 05:56:33,UTC-06:00,2025-02-15 01:55:30,2025-02-15 02:16:29,20,Walking,5.4,123.0,140,117,99,0,0,0,0,false,,,
2025-02-13 20:29:05,2025-02-15 05:56:33,UTC-06:00,2025-02-14 07:39:00,2025-02-14 08:54:47,75,Strength Trainer,8.9,423.0,154,115,72,8,0,0,0,false,,,
2025-02-12 21:38:18,2025-02-13 20:29:05,UTC-06:00,2025-02-13 16:16:30,2025-02-13 17:21:44,65,Strength Trainer,10.7,480.0,182,125,55,25,6,2,0,false,,,
2025-02-12 00:29:38,2025-02-12 21:38:18,UTC-06:00,2025-02-12 06:39:00,2025-02-12 07:41:55,62,Strength Trainer,7.4,301.0,156,112,68,4,0,0,0,false,,,
2025-02-10 22:13:11,2025-02-12 00:29:38,UTC-06:00,2025-02-11 21:03:00,2025-02-11 21:28:17,25,Walking,5.2,109.0,138,110,73,0,0,0,0,false,,,
2025-02-10 22:13:11,2025-02-12 00:29:38,UTC-06:00,2025-02-11 17:07:30,2025-02-11 17:34:44,27,Walking,5.8,150.0,158,116,76,6,0,0,0,false,,,
2025-02-09 22:18:54,2025-02-10 22:13:11,UTC-06:00,2025-02-10 06:19:30,2025-02-10 07:44:59,85,Strength Trainer,11.4,589.0,178,123,59,20,7,1,0,false,,,
2025-02-07 21:51:31,2025-02-09 03:00:00,UTC-06:00,2025-02-09 01:21:00,2025-02-09 02:10:29,49,Activity,7.4,290.0,155,118,74,12,0,0,0,false,,,
2025-02-07 21:51:31,2025-02-09 03:00:00,UTC-06:00,2025-02-08 20:28:30,2025-02-08 20:50:18,21,Walking,4.6,57.0,126,102,34,0,0,0,0,false,,,
2025-02-07 21:51:31,2025-02-09 03:00:00,UTC-06:00,2025-02-08 10:33:00,2025-02-08 11:17:59,44,Walking,9.2,355.0,159,129,40,43,7,0,0,false,,,
2025-02-07 02:00:31,2025-02-07 21:51:31,UTC-06:00,2025-02-07 15:35:00,2025-02-07 16:00:00,25,Walking,7.1,201.0,153,130,28,57,0,0,0,false,,,
2025-02-07 02:00:31,2025-02-07 21:51:31,UTC-06:00,2025-02-07 14:31:00,2025-02-07 15:33:11,62,Strength Trainer,7.1,280.0,146,113,65,2,0,0,0,false,,,
2025-02-05 23:22:48,2025-02-07 02:00:31,UTC-06:00,2025-02-06 15:51:00,2025-02-06 17:00:42,69,Strength Trainer,9.9,477.0,168,124,63,23,1,0,0,false,,,
2025-02-04 23:28:17,2025-02-05 23:22:48,UTC-06:00,2025-02-05 06:21:00,2025-02-05 07:38:59,77,Strength Trainer,10.3,507.0,169,122,62,17,5,0,0,false,,,
2025-02-03 20:53:48,2025-02-04 23:28:17,UTC-06:00,2025-02-04 20:54:00,2025-02-04 21:23:59,29,Walking,5.3,123.0,137,110,69,0,0,0,0,false,,,
2025-02-02 21:24:22,2025-02-03 20:53:48,UTC-06:00,2025-02-03 06:35:30,2025-02-03 07:27:16,51,Strength Trainer,8.3,323.0,178,120,56,19,5,0,0,false,,,
2025-02-01 02:20:00,2025-02-01 22:53:25,UTC-06:00,2025-02-01 10:10:30,2025-02-01 10:46:29,35,Walking,9.6,350.0,168,138,22,65,11,0,0,false,,,
2025-01-30 23:58:49,2025-02-01 02:20:00,UTC-06:00,2025-02-01 01:07:30,2025-02-01 01:29:25,21,Walking,5.1,100.0,151,113,76,2,0,0,0,false,,,
2025-01-30 23:58:49,2025-02-01 02:20:00,UTC-06:00,2025-02-01 00:19:30,2025-02-01 00:52:29,32,Activity,9.0,313.0,169,137,45,37,17,1,0,false,,,
2025-01-30 23:58:49,2025-02-01 02:20:00,UTC-06:00,2025-01-31 18:52:30,2025-01-31 19:31:29,38,Walking,6.9,225.0,160,119,68,11,2,0,0,false,,,
2025-01-30 23:58:49,2025-02-01 02:20:00,UTC-06:00,2025-01-31 14:33:00,2025-01-31 14:56:00,23,Walking,9.4,269.0,166,147,16,30,54,0,0,false,,,
2025-01-30 23:58:49,2025-02-01 02:20:00,UTC-06:00,2025-01-31 13:26:00,2025-01-31 14:28:52,62,Strength Trainer,10.4,499.0,169,129,67,24,8,0,0,false,,,
2025-01-29 21:33:47,2025-01-30 23:58:49,UTC-06:00,2025-01-30 11:03:00,2025-01-30 11:53:27,50,Activity,11.7,489.0,180,138,31,37,23,5,0,false,,,
2025-01-28 23:00:08,2025-01-29 21:33:47,UTC-06:00,2025-01-29 06:19:30,2025-01-29 07:35:46,76,Strength Trainer,9.5,468.0,157,120,74,13,1,0,0,false,,,
2025-01-27 21:53:22,2025-01-28 23:00:08,UTC-06:00,2025-01-28 21:07:30,2025-01-28 21:26:38,19,Activity,5.1,102.0,138,117,95,0,0,0,0,false,,,
2025-01-27 21:53:22,2025-01-28 23:00:08,UTC-06:00,2025-01-28 16:07:30,2025-01-28 16:35:55,28,Walking,4.9,96.0,147,103,48,1,0,0,0,false,,,
2025-01-27 21:53:22,2025-01-28 23:00:08,UTC-06:00,2025-01-28 08:33:00,2025-01-28 08:58:59,25,Walking,5.0,94.0,134,108,61,0,0,0,0,false,,,
2025-01-26 23:14:35,2025-01-27 21:53:22,UTC-06:00,2025-01-27 06:21:00,2025-01-27 07:47:59,86,Strength Trainer,13.1,716.0,182,130,48,26,11,4,0,false,,,
2025-01-25 02:23:18,2025-01-25 22:26:07,UTC-06:00,2025-01-25 10:36:00,2025-01-25 11:28:29,52,Walking,9.9,403.0,167,128,30,13,12,0,0,false,,,
2025-01-24 00:15:03,2025-01-25 02:23:18,UTC-06:00,2025-01-25 01:03:00,2025-01-25 01:40:48,37,Walking,6.6,212.0,152,118,23,11,0,0,0,false,,,
2025-01-24 00:15:03,2025-01-25 02:23:18,UTC-06:00,2025-01-24 21:43:30,2025-01-24 22:14:59,31,Walking,6.1,171.0,159,117,26,5,1,0,0,false,,,
2025-01-24 00:15:03,2025-01-25 02:23:18,UTC-06:00,2025-01-24 13:40:00,2025-01-24 14:01:00,21,Walking,5.0,99.0,138,113,3,0,0,0,0,false,,,
2025-01-24 00:15:03,2025-01-25 02:23:18,UTC-06:00,2025-01-24 12:31:30,2025-01-24 13:36:37,65,Strength Trainer,9.0,421.0,168,122,36,12,1,0,0,false,,,
2025-01-22 23:37:21,2025-01-24 00:15:03,UTC-06:00,2025-01-23 22:15:00,2025-01-23 22:39:04,24,Walking,5.7,140.0,169,119,23,11,1,0,0,false,,,
2025-01-22 23:37:21,2025-01-24 00:15:03,UTC-06:00,2025-01-23 15:52:30,2025-01-23 16:59:33,67,Strength Trainer,9.2,419.0,162,121,29,15,3,0,0,false,,,
2025-01-21 22:18:43,2025-01-22 23:37:21,UTC-06:00,2025-01-22 06:35:30,2025-01-22 07:31:46,56,Strength Trainer,11.0,486.0,172,133,31,27,16,2,0,false,,,
2025-01-20 22:03:13,2025-01-21 22:18:43,UTC-06:00,2025-01-21 20:57:00,2025-01-21 21:20:51,23,Walking,6.3,164.0,172,125,38,12,7,0,0,false,,,
2025-01-20 22:03:13,2025-01-21 22:18:43,UTC-06:00,2025-01-21 14:37:30,2025-01-21 15:15:23,37,Walking,10.5,379.0,171,140,23,35,25,5,0,false,,,
2025-01-19 20:57:06,2025-01-20 22:03:13,UTC-06:00,2025-01-20 06:40:30,2025-01-20 07:55:29,74,Strength Trainer,13.0,642.0,181,133,16,20,18,8,0,false,,,
2025-01-16 21:31:44,2025-01-18 02:55:12,UTC-06:00,2025-01-17 11:07:30,2025-01-17 12:10:52,63,Strength Trainer,8.2,370.0,157,120,40,8,0,0,0,false,,,
2025-01-15 22:44:21,2025-01-16 21:31:44,UTC-06:00,2025-01-16 15:58:30,2025-01-16 16:56:39,58,Strength Trainer,8.7,371.0,164,122,38,17,2,0,0,false,,,
2025-01-14 22:50:17,2025-01-15 22:44:21,UTC-06:00,2025-01-15 06:42:00,2025-01-15 07:36:52,54,Strength Trainer,8.0,330.0,156,121,39,12,0,0,0,false,,,
2025-01-13 20:54:26,2025-01-14 22:50:17,UTC-06:00,2025-01-14 21:18:00,2025-01-14 21:28:07,10,Activity,4.6,50.0,150,116,25,7,0,0,0,false,,,
2025-01-13 20:54:26,2025-01-14 22:50:17,UTC-06:00,2025-01-14 14:45:00,2025-01-14 15:23:09,38,Walking,11.1,396.0,179,142,27,25,29,9,0,false,,,
2025-01-12 21:02:36,2025-01-13 20:54:26,UTC-06:00,2025-01-13 06:50:30,2025-01-13 07:39:27,48,Weightlifting,8.3,318.0,155,123,31,26,0,0,0,false,,,
2025-01-10 23:42:50,2025-01-12 03:06:46,UTC-06:00,2025-01-11 23:48:00,2025-01-12 00:17:59,29,Dance,6.8,225.0,150,128,77,6,0,0,0,false,,,
2025-01-10 23:42:50,2025-01-12 03:06:46,UTC-06:00,2025-01-11 09:27:00,2025-01-11 10:46:29,79,Weightlifting,10.4,513.0,172,123,28,16,4,0,0,false,,,
2025-01-09 22:21:05,2025-01-10 23:42:50,UTC-06:00,2025-01-10 11:34:30,2025-01-10 12:26:59,52,Walking,9.5,356.0,165,124,14,19,16,0,0,false,,,
2025-01-08 22:57:37,2025-01-09 22:21:05,UTC-06:00,2025-01-09 16:12:00,2025-01-09 17:37:29,85,Walking,10.0,504.0,149,121,28,19,0,0,0,false,,,
2025-01-07 22:48:01,2025-01-08 22:57:37,UTC-06:00,2025-01-08 21:09:00,2025-01-08 21:29:59,20,Walking,4.7,68.0,136,109,4,0,0,0,0,false,,,
2025-01-07 22:48:01,2025-01-08 22:57:37,UTC-06:00,2025-01-08 06:05:00,2025-01-08 07:01:29,56,Walking,7.6,299.0,156,117,21,18,0,0,0,false,,,
2025-01-06 20:18:55,2025-01-07 22:48:01,UTC-06:00,2025-01-07 21:04:30,2025-01-07 21:25:29,20,Walking,5.4,113.0,155,119,35,9,0,0,0,false,,,
2025-01-06 20:18:55,2025-01-07 22:48:01,UTC-06:00,2025-01-07 05:57:00,2025-01-07 06:40:29,43,Walking,7.3,267.0,150,122,47,16,0,0,0,false,,,
2025-01-05 20:37:54,2025-01-06 20:18:55,UTC-06:00,2025-01-06 06:21:00,2025-01-06 07:12:02,51,Activity,6.8,247.0,148,114,24,10,0,0,0,false,,,
2025-01-05 20:37:54,2025-01-06 20:18:55,UTC-06:00,2025-01-06 05:42:00,2025-01-06 06:08:59,26,Activity,6.0,165.0,157,122,41,14,0,0,0,false,,,
2025-01-02 20:52:45,2025-01-04 02:13:31,UTC-06:00,2025-01-03 17:43:30,2025-01-03 18:16:29,32,Golf,5.0,96.0,137,105,7,0,0,0,0,false,,,
2025-01-02 20:52:45,2025-01-04 02:13:31,UTC-06:00,2025-01-03 17:03:00,2025-01-03 17:29:59,26,Golf,6.4,180.0,157,124,36,19,3,0,0,false,,,
2025-01-02 20:52:45,2025-01-04 02:13:31,UTC-06:00,2025-01-03 05:55:30,2025-01-03 07:07:29,71,Walking,9.3,455.0,153,122,50,11,0,0,0,false,,,
2024-12-29 00:54:23,2024-12-30 03:39:35,UTC+05:30,2024-12-29 12:31:30,2024-12-29 13:58:29,86,Golf,10.3,524.0,162,120,33,15,3,0,0,false,,,
2024-12-26 22:46:22,2024-12-28 00:12:56,UTC+05:30,2024-12-27 17:05:30,2024-12-27 17:31:29,25,Walking,8.7,211.0,181,129,16,5,11,21,1,false,,,
2024-12-26 00:30:08,2024-12-26 22:46:22,UTC+05:30,2024-12-26 20:53:00,2024-12-26 21:09:00,16,Walking,11.0,222.0,193,159,19,9,12,11,43,false,,,
2024-12-26 00:30:08,2024-12-26 22:46:22,UTC+05:30,2024-12-26 20:00:00,2024-12-26 20:51:29,51,Soccer,9.6,420.0,158,131,45,36,2,0,0,false,,,
2024-12-23 23:07:31,2024-12-24 23:10:18,UTC+05:30,2024-12-24 17:46:30,2024-12-24 18:03:47,17,Walking,11.4,256.0,193,163,3,12,15,32,36,false,,,
2024-12-23 00:41:20,2024-12-23 23:07:31,UTC+05:30,2024-12-23 17:57:00,2024-12-23 19:00:30,63,Activity,14.2,564.0,187,133,26,8,3,5,17,false,,,
2024-12-21 23:00:33,2024-12-23 00:41:20,UTC+05:30,2024-12-22 18:40:30,2024-12-22 19:11:49,31,Walking,5.7,151.0,149,115,18,1,0,0,0,false,,,
2024-12-21 23:00:33,2024-12-23 00:41:20,UTC+05:30,2024-12-22 09:15:00,2024-12-22 09:36:14,21,Walking,8.2,147.0,187,125,3,1,2,4,15,false,,,
2024-12-20 21:30:47,2024-12-21 23:00:33,UTC+05:30,2024-12-21 17:00:00,2024-12-21 18:50:57,110,Activity,15.0,737.0,187,124,15,4,3,3,10,false,,,
2024-12-20 00:51:51,2024-12-20 21:30:47,UTC+05:30,2024-12-20 17:48:00,2024-12-20 19:08:59,80,Walking,13.6,563.0,179,126,17,5,3,11,5,false,,,
2024-12-19 02:14:12,2024-12-20 00:51:51,UTC+05:30,2024-12-19 15:54:00,2024-12-19 16:50:59,56,Walking,13.6,531.0,187,137,34,11,5,9,14,false,,,
2024-12-17 22:14:23,2024-12-19 02:14:12,UTC+05:30,2024-12-18 18:21:00,2024-12-18 18:54:41,33,Walking,12.7,391.0,186,148,18,18,17,21,16,false,,,
2024-12-08 21:23:54,2024-12-09 23:35:14,UTC-06:00,2024-12-09 22:06:00,2024-12-09 22:28:29,22,Walking,5.5,119.0,149,119,27,11,0,0,0,false,,,
2024-12-08 21:23:54,2024-12-09 23:35:14,UTC-06:00,2024-12-09 16:51:00,2024-12-09 17:05:59,14,Walking,4.3,40.0,143,102,13,2,0,0,0,false,,,
2024-12-04 21:54:05,2024-12-05 21:47:57,UTC-06:00,2024-12-05 17:13:30,2024-12-05 18:28:29,74,Walking,8.3,366.0,149,116,30,8,0,0,0,false,,,
2024-12-01 23:13:55,2024-12-02 23:22:06,UTC-06:00,2024-12-02 21:18:00,2024-12-02 21:35:59,17,Walking,4.9,77.0,145,113,14,6,0,0,0,false,,,
2024-11-26 23:31:06,2024-11-28 05:16:16,UTC-06:00,2024-11-27 07:18:00,2024-11-27 08:15:59,57,Activity,6.7,233.0,147,111,19,2,0,0,0,false,,,
2024-11-25 21:02:09,2024-11-26 23:31:06,UTC-06:00,2024-11-26 16:33:00,2024-11-26 17:41:59,68,Walking,8.5,383.0,153,118,39,8,0,0,0,false,,,
2024-11-24 22:23:24,2024-11-25 21:02:09,UTC-06:00,2024-11-25 13:37:30,2024-11-25 14:49:29,71,Walking,8.7,413.0,153,119,40,8,0,0,0,false,,,
2024-11-22 23:51:39,2024-11-24 03:15:08,UTC-06:00,2024-11-23 16:09:00,2024-11-23 16:47:59,38,Activity,5.7,160.0,133,110,11,0,0,0,0,false,,,
2024-11-22 23:51:39,2024-11-24 03:15:08,UTC-06:00,2024-11-23 09:19:30,2024-11-23 10:16:29,56,Walking,6.9,259.0,151,113,21,2,0,0,0,false,,,
2024-11-22 01:56:32,2024-11-22 23:51:39,UTC-06:00,2024-11-22 20:00:00,2024-11-22 20:23:59,23,Walking,7.1,201.0,154,131,41,44,5,0,0,false,,,
2024-11-22 01:56:32,2024-11-22 23:51:39,UTC-06:00,2024-11-22 17:01:30,2024-11-22 17:20:59,19,Walking,7.2,175.0,172,134,46,18,21,6,0,false,,,
2024-11-22 01:56:32,2024-11-22 23:51:39,UTC-06:00,2024-11-22 11:15:00,2024-11-22 12:20:59,65,Strength Trainer,8.2,340.0,167,116,25,9,2,0,0,false,,,
2024-11-20 22:25:43,2024-11-22 01:56:32,UTC-06:00,2024-11-21 16:22:30,2024-11-21 17:34:59,72,Strength Trainer,9.9,476.0,159,123,45,17,3,0,0,false,,,
2024-11-19 23:31:27,2024-11-20 22:25:43,UTC-06:00,2024-11-20 16:48:00,2024-11-20 17:50:59,62,Strength Trainer,8.2,354.0,155,118,29,12,0,0,0,false,,,
2024-11-17 19:43:14,2024-11-18 23:12:32,UTC-06:00,2024-11-18 21:09:00,2024-11-18 21:26:59,17,Walking,5.1,94.0,141,116,5,84,11,0,0,false,,,
2024-11-17 19:43:14,2024-11-18 23:12:32,UTC-06:00,2024-11-18 06:07:00,2024-11-18 07:12:00,65,Strength Trainer,6.2,214.0,139,106,50,42,3,0,0,false,,,
2024-11-16 02:21:02,2024-11-17 03:32:00,UTC-06:00,2024-11-16 22:58:30,2024-11-16 23:23:59,25,Hiking,7.6,219.0,158,132,3,27,57,13,0,false,,,
2024-11-15 00:40:47,2024-11-16 02:21:02,UTC-06:00,2024-11-15 16:10:30,2024-11-15 17:48:03,97,Strength Trainer,10.9,537.0,183,117,26,49,21,3,1,false,,,
2024-11-13 23:25:41,2024-11-15 00:40:47,UTC-06:00,2024-11-14 22:22:30,2024-11-14 22:37:29,14,Walking,6.8,152.0,154,139,0,5,84,11,0,false,,,
2024-11-13 23:25:41,2024-11-15 00:40:47,UTC-06:00,2024-11-14 17:06:00,2024-11-14 18:40:29,94,Strength Trainer,9.5,473.0,158,115,28,56,14,2,0,false,,,
2024-11-12 23:34:43,2024-11-13 23:25:41,UTC-06:00,2024-11-13 16:27:00,2024-11-13 17:28:00,60,Strength Trainer,9.6,386.0,164,121,28,27,34,11,0,false,,,
2024-11-11 22:45:40,2024-11-12 23:34:43,UTC-06:00,2024-11-12 10:42:00,2024-11-12 11:37:29,55,Walking,8.8,370.0,158,123,10,45,41,4,0,false,,,
2024-11-10 23:30:49,2024-11-11 22:45:40,UTC-06:00,2024-11-11 09:21:00,2024-11-11 10:35:59,74,Strength Trainer,8.9,420.0,155,117,18,61,21,0,0,false,,,
2024-11-09 21:39:12,2024-11-10 23:30:49,UTC-06:00,2024-11-10 12:34:30,2024-11-10 12:58:29,23,Walking,4.9,83.0,149,107,58,38,4,0,0,false,,,
2024-11-08 18:56:06,2024-11-09 21:39:12,UTC-06:00,2024-11-09 08:52:30,2024-11-09 09:37:29,44,Walking,6.9,247.0,154,117,13,70,17,0,0,false,,,
2024-11-08 01:54:19,2024-11-08 18:56:06,UTC-06:00,2024-11-08 10:42:00,2024-11-08 11:40:29,58,Strength Trainer,9.3,407.0,158,124,11,36,51,2,0,false,,,
2024-11-06 21:38:10,2024-11-08 01:54:19,UTC-06:00,2024-11-07 16:52:30,2024-11-07 18:20:29,87,Strength Trainer,11.0,578.0,163,122,10,51,35,4,0,false,,,
2024-11-05 23:09:57,2024-11-06 21:38:10,UTC-06:00,2024-11-06 13:12:00,2024-11-06 13:59:29,47,Strength Trainer,6.5,214.0,146,112,32,51,15,0,0,false,,,
2024-11-04 23:02:27,2024-11-05 23:09:57,UTC-06:00,2024-11-05 21:09:00,2024-11-05 21:32:59,23,Walking,5.3,112.0,149,114,22,70,8,0,0,false,,,
2024-11-04 23:02:27,2024-11-05 23:09:57,UTC-06:00,2024-11-05 12:33:00,2024-11-05 13:34:29,61,Strength Trainer,9.1,396.0,159,122,15,46,36,3,0,false,,,
2024-11-03 20:42:21,2024-11-04 23:02:27,UTC-06:00,2024-11-04 21:10:30,2024-11-04 21:28:29,17,Walking,4.9,83.0,150,113,23,70,7,0,0,false,,,
2024-11-03 20:42:21,2024-11-04 23:02:27,UTC-06:00,2024-11-04 06:03:00,2024-11-04 07:10:29,67,Strength Trainer,7.2,288.0,149,111,33,56,9,0,0,false,,,
2024-10-31 22:01:06,2024-11-01 23:21:51,UTC-05:00,2024-11-01 17:12:00,2024-11-01 18:19:29,67,Walking,8.5,376.0,150,118,16,61,23,0,0,false,,,
2024-10-30 23:39:49,2024-10-31 22:01:06,UTC-05:00,2024-10-31 17:26:00,2024-10-31 18:25:00,59,Strength Trainer,8.8,377.0,154,121,12,47,40,1,0,false,,,
2024-10-30 23:39:49,2024-10-31 22:01:06,UTC-05:00,2024-10-31 16:52:30,2024-10-31 17:25:29,32,Walking,6.1,173.0,147,116,21,59,20,0,0,false,,,
2024-10-29 22:49:32,2024-10-30 23:39:49,UTC-05:00,2024-10-30 19:21:00,2024-10-30 19:49:29,28,Walking,5.8,157.0,144,117,6,89,5,0,0,false,,,
2024-10-29 22:49:32,2024-10-30 23:39:49,UTC-05:00,2024-10-30 17:19:30,2024-10-30 18:05:48,46,Strength Trainer,9.0,348.0,162,126,4,51,35,10,0,false,,,
2024-10-28 23:16:38,2024-10-29 22:49:32,UTC-05:00,2024-10-29 19:03:00,2024-10-29 19:43:29,40,Hiking,5.4,126.0,139,105,75,24,1,0,0,false,,,
2024-10-28 23:16:38,2024-10-29 22:49:32,UTC-05:00,2024-10-29 17:06:00,2024-10-29 18:11:59,65,Strength Trainer,11.4,550.0,163,130,1,33,58,8,0,false,,,
2024-10-27 20:30:41,2024-10-28 23:16:38,UTC-05:00,2024-10-28 21:13:30,2024-10-28 21:34:29,20,Walking,5.0,88.0,156,111,33,61,6,0,0,false,,,
2024-10-27 20:30:41,2024-10-28 23:16:38,UTC-05:00,2024-10-28 05:49:30,2024-10-28 07:02:59,73,Strength Trainer,8.2,355.0,152,114,33,49,18,0,0,false,,,
2024-10-26 03:06:39,2024-10-27 02:50:16,UTC-05:00,2024-10-26 23:54:00,2024-10-27 00:11:59,17,Dance,5.3,99.0,150,117,26,48,25,1,0,false,,,
2024-10-26 03:06:39,2024-10-27 02:50:16,UTC-05:00,2024-10-26 11:06:00,2024-10-26 12:02:59,56,Strength Trainer,9.4,393.0,153,124,12,44,39,5,0,false,,,
2024-10-24 21:58:36,2024-10-26 03:06:39,UTC-05:00,2024-10-25 07:10:30,2024-10-25 08:25:29,74,Strength Trainer,9.6,483.0,154,122,6,64,30,0,0,false,,,
2024-10-23 21:50:23,2024-10-24 21:58:36,UTC-05:00,2024-10-24 06:09:00,2024-10-24 07:23:59,74,Strength Trainer,7.8,351.0,145,113,25,69,6,0,0,false,,,
2024-10-23 00:39:53,2024-10-23 21:50:23,UTC-05:00,2024-10-23 17:51:00,2024-10-23 18:46:29,55,Strength Trainer,9.6,422.0,161,127,1,50,45,4,0,false,,,
2024-10-21 23:10:20,2024-10-23 00:39:53,UTC-05:00,2024-10-22 21:04:30,2024-10-22 21:26:59,22,Walking,4.9,88.0,129,109,43,57,0,0,0,false,,,
2024-10-21 00:09:17,2024-10-21 23:10:20,UTC-05:00,2024-10-21 06:15:00,2024-10-21 07:01:29,46,Activity,7.0,227.0,161,114,33,48,14,5,0,false,,,
2024-10-20 01:42:55,2024-10-21 00:09:17,UTC-05:00,2024-10-20 22:22:30,2024-10-20 23:02:59,40,Walking,8.2,258.0,157,121,34,12,40,13,0,false,,,
2024-10-19 03:18:09,2024-10-20 01:42:55,UTC-05:00,2024-10-19 10:55:30,2024-10-19 11:28:29,32,Strength Trainer,5.3,118.0,154,106,50,33,10,1,0,false,,,
2024-10-17 22:39:25,2024-10-19 03:18:09,UTC-05:00,2024-10-18 06:40:30,2024-10-18 07:50:59,70,Strength Trainer,8.0,335.0,153,113,34,49,17,0,0,false,,,
2024-10-16 23:52:19,2024-10-17 22:39:25,UTC-05:00,2024-10-17 06:21:00,2024-10-17 07:26:59,65,Strength Trainer,7.6,308.0,154,113,32,54,13,1,0,false,,,
2024-10-14 01:32:06,2024-10-14 22:38:44,UTC-05:00,2024-10-14 20:37:30,2024-10-14 21:16:29,38,Walking,8.5,299.0,158,127,5,36,50,9,0,false,,,
2024-10-14 01:32:06,2024-10-14 22:38:44,UTC-05:00,2024-10-14 14:31:30,2024-10-14 15:43:29,71,Strength Trainer,8.1,362.0,148,115,24,62,14,0,0,false,,,
2024-10-12 01:01:56,2024-10-12 23:45:23,UTC-05:00,2024-10-12 10:00:00,2024-10-12 11:04:43,64,Strength Trainer,10.2,464.0,163,125,7,50,37,6,0,false,,,
2024-10-10 21:56:37,2024-10-12 01:01:56,UTC-05:00,2024-10-11 17:21:30,2024-10-11 18:19:02,57,Strength Trainer,8.3,342.0,158,119,16,54,28,2,0,false,,,
2024-10-09 22:37:30,2024-10-10 21:56:37,UTC-05:00,2024-10-10 06:12:00,2024-10-10 07:20:59,68,Strength Trainer,10.1,455.0,162,122,18,41,37,4,0,false,,,
2024-10-08 22:55:12,2024-10-09 22:37:30,UTC-05:00,2024-10-09 16:55:30,2024-10-09 17:48:13,52,Strength Trainer,9.7,408.0,162,128,2,41,49,8,0,false,,,
2024-10-07 23:09:08,2024-10-08 22:55:12,UTC-05:00,2024-10-08 21:03:00,2024-10-08 21:22:57,19,Activity,5.5,126.0,144,121,3,70,27,0,0,false,,,
2024-10-07 23:09:08,2024-10-08 22:55:12,UTC-05:00,2024-10-08 06:05:30,2024-10-08 06:56:59,51,Strength Trainer,6.9,249.0,145,113,29,50,18,0,0,false,,,
2024-10-06 21:22:26,2024-10-07 23:09:08,UTC-05:00,2024-10-07 21:00:00,2024-10-07 21:25:29,25,Walking,7.8,213.0,161,131,6,43,24,27,0,false,,,
2024-10-06 21:22:26,2024-10-07 23:09:08,UTC-05:00,2024-10-07 05:58:30,2024-10-07 07:02:59,64,Strength Trainer,8.2,338.0,157,116,30,49,20,0,0,false,,,
2024-10-06 00:03:28,2024-10-06 21:22:26,UTC-05:00,2024-10-06 16:22:30,2024-10-06 18:17:03,114,Pickleball,14.5,1003.0,168,133,5,26,53,16,0,false,,,
2024-10-04 21:59:16,2024-10-06 00:03:28,UTC-05:00,2024-10-05 18:51:00,2024-10-05 19:05:59,14,Walking,4.7,69.0,129,112,30,70,0,0,0,false,,,
2024-10-04 21:59:16,2024-10-06 00:03:28,UTC-05:00,2024-10-05 15:13:30,2024-10-05 15:43:29,29,Walking,5.8,161.0,132,116,13,87,0,0,0,false,,,
2024-10-04 21:59:16,2024-10-06 00:03:28,UTC-05:00,2024-10-05 08:52:30,2024-10-05 09:56:59,64,Strength Trainer,7.7,326.0,147,114,24,63,11,0,0,false,,,
2024-10-03 21:15:36,2024-10-04 21:59:16,UTC-05:00,2024-10-04 06:10:30,2024-10-04 06:34:29,23,Activity,5.9,149.0,159,120,13,64,21,2,0,false,,,
2024-09-29 23:24:16,2024-09-30 23:16:21,UTC-05:00,2024-09-30 06:18:00,2024-09-30 07:19:29,61,Strength Trainer,6.6,233.0,151,109,53,42,5,0,0,false,,,
2024-09-27 00:20:36,2024-09-28 00:41:42,UTC-05:00,2024-09-27 16:25:30,2024-09-27 17:17:59,52,Strength Trainer,9.3,397.0,156,127,1,52,46,1,0,false,,,
2024-09-25 21:52:51,2024-09-27 00:20:36,UTC-05:00,2024-09-26 06:01:30,2024-09-26 06:53:59,52,Activity,6.9,247.0,154,112,40,44,14,0,0,false,,,
2024-09-23 21:31:35,2024-09-25 00:11:03,UTC-05:00,2024-09-24 17:37:00,2024-09-24 18:03:00,26,Walking,10.1,234.0,182,133,19,41,7,8,25,false,,,
2024-09-23 21:31:35,2024-09-25 00:11:03,UTC-05:00,2024-09-24 16:50:00,2024-09-24 17:36:00,46,Strength Trainer,8.3,327.0,153,124,6,50,42,1,0,false,,,
2024-09-22 20:44:13,2024-09-23 21:31:35,UTC-05:00,2024-09-23 06:10:00,2024-09-23 07:10:00,60,Strength Trainer,12.4,252.0,142,109,48,44,7,0,0,false,,,
